t,cmd,vL,vR,vbat
0.0004,0.0,0,0,12.15639019
0.0182,0.0,0,0,12.15639019
0.038,0.0,0,0,12.15639019
0.0582,0.0,0,0,12.15639019
0.0784,0.0,0,0,12.15639019
0.098,0.0,0,0,12.15639019
0.118,0.0,0,0,12.15639019
0.138,0.0,0,0,12.15639019
0.158,0.0,0,0,12.15639019
0.1784,0.0,0,0,12.15639019
0.1984,0.0,0,0,12.15639019
0.2187,0.0,0,0,12.15639019
0.2383,0.0,0,0,12.15639019
0.2581,0.0,0,0,12.15639019
0.2781,0.0,0,0,12.15639019
0.2984,0.0,0,0,12.15639019
0.3184,0.0,0,0,12.15639019
0.3381,0.0,0,0,12.15639019
0.3581,0.0,0,0,12.15639019
0.3786,0.0,0,0,12.15639019
0.398,0.0,0,0,12.15639019
0.4181,0.0,0,0,12.15639019
0.4381,0.0,0,0,12.15639019
0.4581,0.0,0,0,12.15639019
0.4784,0.0,0,0,12.15639019
0.4981,0.0,0,0,12.15639019
0.5183,0.0,0,0,12.15639019
0.5383,0.0,0,0,12.15639019
0.5587,0.0,0,0,12.15639019
0.5787,0.0,0,0,12.15639019
0.5987,0.0,0,0,12.15639019
0.6187,0.0,0,0,12.15639019
0.6383,0.0,0,0,12.15639019
0.6582,0.0,0,0,12.15639019
0.6784,0.0,0,0,12.15639019
0.6984,0.0,0,0,12.15639019
0.7184,0.0,0,0,12.15639019
0.7381,0.0,0,0,12.15639019
0.7581,0.0,0,0,12.15639019
0.7781,0.0,0,0,12.15639019
0.7981,0.0,0,0,12.15639019
0.8187,0.0,0,0,12.15639019
0.8384,0.0,0,0,12.15639019
0.8584,0.0,0,0,12.15639019
0.8784,0.0,0,0,12.15639019
0.8981,0.0,0,0,12.15639019
0.9187,0.0,0,0,12.15639019
0.9383,0.0,0,0,12.15639019
0.9583,0.0,0,0,12.15639019
0.9783,0.0,0,0,12.15639019
0.9984,0.0,0,0,12.15639019
1.0181,0.0,0,0,12.15639019
1.0384,0.0,0,0,12.15639019
1.0584,0.0,0,0,12.15639019
1.0784,0.0,0,0,12.15639019
1.0981,0.0,0,0,12.15639019
1.1181,0.0,0,0,12.15639019
1.1384,0.0,0,0,12.15639019
1.1585,0.0,0,0,12.15639019
1.1784,0.0,0,0,12.15639019
1.1981,0.0,0,0,12.15639019
1.2184,0.0,0,0,12.15639019
1.2384,0.0,0,0,12.15639019
1.2581,0.0,0,0,12.15639019
1.2782,0.0,0,0,12.15639019
1.2984,0.0,0,0,12.15639019
1.3184,0.0,0,0,12.15639019
1.3381,0.0,0,0,12.15639019
1.3584,0.0,0,0,12.15639019
1.3784,0.0,0,0,12.15639019
1.3983,0.0,0,0,12.15639019
1.4184,0.0,0,0,12.15639019
1.4382,0.0,0,0,12.15639019
1.4581,0.0,0,0,12.15639019
1.4781,0.0,0,0,12.15639019
1.4981,0.0,0,0,12.15639019
1.5187,0.0,0,0,12.15639019
1.5383,0.0,0,0,12.15639019
1.5587,0.0,0,0,12.15639019
1.5785,0.0,0,0,12.15639019
1.5984,0.0,0,0,12.15639019
1.6184,0.0,0,0,12.15639019
1.6381,0.0,0,0,12.15639019
1.6581,0.0,0,0,12.15639019
1.6782,0.0,0,0,12.15639019
1.6981,0.0,0,0,12.15639019
1.7182,0.0,0,0,12.15639019
1.7381,0.0,0,0,12.15639019
1.7584,0.0,0,0,12.15639019
1.7782,0.0,0,0,12.15639019
1.7982,0.0,0,0,12.15639019
1.8187,0.0,0,0,12.15639019
1.8387,0.0,0,0,12.15639019
1.8585,0.0,0,0,12.15639019
1.8784,0.0,0,0,12.15639019
1.8981,0.0,0,0,12.15639019
1.9185,0.0,0,0,12.15639019
1.9381,0.0,0,0,12.15639019
1.9584,0.0,0,0,12.15639019
1.9784,0.0,0,0,12.15639019
1.9987,0.0,0,0,12.15639019
2.0191,0.3,0,0,12.15639019
2.0382,0.3,0,0,12.15639019
2.0585,0.3,0,0,12.15639019
2.0781,0.3,0,0,12.15639019
2.0981,0.3,0,0,12.15639019
2.1184,0.3,0,0,12.15639019
2.1381,0.3,0,0,12.15639019
2.1585,0.3,0,0,12.15639019
2.1781,0.3,0,0,12.15639019
2.1984,0.3,0,0,12.15639019
2.2185,0.3,0,0,12.15639019
2.2385,0.3,0,0,12.15639019
2.2581,0.3,0,0,12.15639019
2.2782,0.3,0,0,12.15639019
2.2985,0.3,0,0,12.15639019
2.3185,0.3,0,0,12.15639019
2.3381,0.3,0,0,12.15639019
2.3588,0.3,0,0,12.15639019
2.3788,0.3,0,0,12.15639019
2.3984,0.3,0,0,12.15639019
2.4183,0.3,0,0,12.15639019
2.4382,0.3,0,0,12.15639019
2.4582,0.3,0,0,12.15639019
2.4782,0.3,0,0,12.15639019
2.4985,0.3,0,0,12.15639019
2.5187,0.3,0,0,12.15639019
2.5388,0.3,0,0,12.15639019
2.5584,0.3,0,0,12.15639019
2.5788,0.3,0,0,12.15639019
2.5987,0.3,0,0,12.15639019
2.6183,0.3,0,0,12.15639019
2.6384,0.3,0,0,12.15639019
2.6585,0.3,0,0,12.15639019
2.6785,0.3,0,0,12.15639019
2.6988,0.3,0,0,12.15639019
2.7188,0.3,0,0,12.15639019
2.7383,0.3,0,0,12.15639019
2.7582,0.3,0,0,12.15639019
2.7781,0.3,0,0,12.15639019
2.7982,0.3,0,0,12.15639019
2.8185,0.3,0,0,12.15639019
2.8385,0.3,0,0,12.15639019
2.8582,0.3,0,0,12.15639019
2.8785,0.3,0,0,12.15639019
2.8982,0.3,0,0,12.15639019
2.9181,0.3,0,0,12.15639019
2.9381,0.3,0,0,12.15639019
2.9582,0.3,0,0,12.15639019
2.9785,0.3,0,0,12.15639019
2.9985,0.3,0,0,12.15639019
3.0184,0.3,0,0,12.15639019
3.0383,0.3,0,0,12.15639019
3.0584,0.3,0,0,12.15639019
3.0783,0.3,0,0,12.15639019
3.0986,0.3,0,0,12.15639019
3.1185,0.3,0,0,12.15639019
3.1385,0.3,0,0,12.15639019
3.1582,0.3,0,0,12.15639019
3.1785,0.3,0,0,12.15639019
3.1985,0.3,0,0,12.15639019
3.2182,0.3,0,0,12.15639019
3.2382,0.3,0,0,12.15639019
3.2583,0.3,0,0,12.15639019
3.2783,0.3,0,0,12.15639019
3.2985,0.3,0,0,12.15639019
3.3186,0.3,0,0,12.15639019
3.3386,0.3,0,0,12.15639019
3.3588,0.3,0,0,12.15639019
3.3784,0.3,0,0,12.15639019
3.3982,0.3,0,0,12.15639019
3.4182,0.3,0,0,12.15639019
3.4383,0.3,0,0,12.15639019
3.4582,0.3,0,0,12.15639019
3.4785,0.3,0,0,12.15639019
3.4985,0.3,0,0,12.15639019
3.5185,0.3,0,0,12.15639019
3.5388,0.3,0,0,12.15639019
3.5584,0.3,0,0,12.15639019
3.5788,0.3,0,0,12.15639019
3.5988,0.3,0,0,12.15639019
3.6185,0.3,0,0,12.15639019
3.6382,0.3,0,0,12.15639019
3.6585,0.3,0,0,12.15639019
3.6783,0.3,0,0,12.15639019
3.6985,0.3,0,0,12.15639019
3.7182,0.3,0,0,12.15639019
3.7382,0.3,0,0,12.15639019
3.7583,0.3,0,0,12.15639019
3.7785,0.3,0,0,12.15639019
3.7982,0.3,0,0,12.15639019
3.8188,0.3,0,0,12.15639019
3.8388,0.3,0,0,12.15639019
3.8585,0.3,0,0,12.15639019
3.8785,0.3,0,0,12.15639019
3.8982,0.3,0,0,12.15639019
3.9185,0.3,0,0,12.15639019
3.9382,0.3,0,0,12.15639019
3.9585,0.3,0,0,12.15639019
3.9784,0.3,0,0,12.15639019
3.9982,0.3,0,0,12.15639019
4.0187,0.3,0,0,12.15639019
4.0386,0.3,0,0,12.15639019
4.0587,0.3,0,0,12.15639019
4.0786,0.3,0,0,12.15639019
4.0982,0.3,0,0,12.15639019
4.1186,0.3,0,0,12.15639019
4.1382,0.3,0,0,12.15639019
4.1586,0.3,0,0,12.15639019
4.1782,0.3,0,0,12.15639019
4.1986,0.3,0,0,12.15639019
4.2182,0.3,0,0,12.15639019
4.2385,0.3,0,0,12.15639019
4.2582,0.3,0,0,12.15639019
4.2783,0.3,0,0,12.15639019
4.2986,0.3,0,0,12.15639019
4.3186,0.3,0,0,12.15639019
4.3386,0.3,0,0,12.15639019
4.3583,0.3,0,0,12.15639019
4.3782,0.3,0,0,12.15639019
4.3983,0.3,0,0,12.15639019
4.4183,0.3,0,0,12.15639019
4.4383,0.3,0,0,12.15639019
4.4582,0.3,0,0,12.15639019
4.4786,0.3,0,0,12.15639019
4.4986,0.3,0,0,12.15639019
4.5186,0.3,0,0,12.15639019
4.5385,0.3,0,0,12.15639019
4.5589,0.3,0,0,12.15639019
4.5789,0.3,0,0,12.15639019
4.5986,0.3,0,0,12.15639019
4.6186,0.3,0,0,12.15639019
4.6382,0.3,0,0,12.15639019
4.6586,0.3,0,0,12.15639019
4.6786,0.3,0,0,12.15639019
4.6986,0.3,0,0,12.15639019
4.7186,0.3,0,0,12.15639019
4.7383,0.3,0,0,12.15639019
4.7583,0.3,0,0,12.15639019
4.7786,0.3,0,0,12.15639019
4.7986,0.3,0,0,12.15639019
4.8186,0.3,0,0,12.15639019
4.8386,0.3,0,0,12.15639019
4.8583,0.3,0,0,12.15639019
4.8786,0.3,0,0,12.15639019
4.8986,0.3,0,0,12.15639019
4.9183,0.3,0,0,12.15639019
4.9386,0.3,0,0,12.15639019
4.9584,0.3,0,0,12.15639019
4.9786,0.3,0,0,12.15639019
4.9986,0.3,0,0,12.15639019
5.0187,0.3,0,0,12.15639019
5.0383,0.3,0,0,12.15639019
5.0587,0.3,0,0,12.15639019
5.0787,0.3,0,0,12.15639019
5.0986,0.3,0,0,12.15639019
5.1186,0.3,0,0,12.15639019
5.1383,0.3,0,0,12.15639019
5.1586,0.3,0,0,12.15639019
5.1786,0.3,0,0,12.15639019
5.1983,0.3,0,0,12.15639019
5.2182,0.3,0,0,12.15639019
5.2386,0.3,0,0,12.15639019
5.2583,0.3,0,0,12.15639019
5.2783,0.3,0,0,12.15639019
5.2986,0.3,0,0,12.15639019
5.3184,0.3,0,0,12.15639019
5.3383,0.3,0,0,12.15639019
5.3583,0.3,0,0,12.15639019
5.3783,0.3,0,0,12.15639019
5.3986,0.3,0,0,12.15639019
5.4183,0.3,0,0,12.15639019
5.4386,0.3,0,0,12.15639019
5.4583,0.3,0,0,12.15639019
5.4786,0.3,0,0,12.15639019
5.4986,0.3,0,0,12.15639019
5.5186,0.3,0,0,12.15639019
5.5389,0.3,0,0,12.15639019
5.5585,0.3,0,0,12.15639019
5.5789,0.3,0,0,12.15639019
5.5989,0.3,0,0,12.15639019
5.6188,0.3,0,0,12.15639019
5.6384,0.3,0,0,12.15639019
5.6583,0.3,0,0,12.15639019
5.6786,0.3,0,0,12.15639019
5.6983,0.3,0,0,12.15639019
5.7183,0.3,0,0,12.15639019
5.7386,0.3,0,0,12.15639019
5.7585,0.3,0,0,12.15639019
5.7784,0.3,0,0,12.15639019
5.7986,0.3,0,0,12.15639019
5.8186,0.3,0,0,12.15639019
5.8386,0.3,0,0,12.15639019
5.8586,0.3,0,0,12.15639019
5.8783,0.3,0,0,12.15639019
5.8986,0.3,0,0,12.15639019
5.9183,0.3,0,0,12.15639019
5.9385,0.3,0,0,12.15639019
5.9584,0.3,0,0,12.15639019
5.9783,0.3,0,0,12.15639019
5.9986,0.3,0,0,12.15639019
6.0186,0.3,0,0,12.15639019
6.0384,0.3,0,0,12.15639019
6.0585,0.3,0,0,12.15639019
6.0785,0.3,0,0,12.15639019
6.0987,0.3,0,0,12.15639019
6.1187,0.3,0,0,12.15639019
6.1387,0.3,0,0,12.15639019
6.1584,0.3,0,0,12.15639019
6.1787,0.3,0,0,12.15639019
6.1987,0.3,0,0,12.15639019
6.2183,0.3,0,0,12.15639019
6.2383,0.3,0,0,12.15639019
6.2584,0.3,0,0,12.15639019
6.2784,0.3,0,0,12.15639019
6.2983,0.3,0,0,12.15639019
6.3183,0.3,0,0,12.15639019
6.3384,0.3,0,0,12.15639019
6.3587,0.3,0,0,12.15639019
6.3787,0.3,0,0,12.15639019
6.3986,0.3,0,0,12.15639019
6.4183,0.3,0,0,12.15639019
6.4384,0.3,0,0,12.15639019
6.4583,0.3,0,0,12.15639019
6.4783,0.3,0,0,12.15639019
6.4987,0.3,0,0,12.15639019
6.5187,0.3,0,0,12.15639019
6.539,0.3,0,0,12.15639019
6.559,0.3,0,0,12.15639019
6.5784,0.3,0,0,12.15639019
6.5983,0.3,0,0,12.15639019
6.6186,0.3,0,0,12.15639019
6.6387,0.3,0,0,12.15639019
6.6587,0.3,0,0,12.15639019
6.6783,0.3,0,0,12.15639019
6.6987,0.3,0,0,12.15639019
6.7184,0.3,0,0,12.15639019
6.7385,0.3,0,0,12.15639019
6.7586,0.3,0,0,12.15639019
6.7789,0.3,0,0,12.15639019
6.7986,0.3,0,0,12.15639019
6.8184,0.3,0,0,12.15639019
6.8387,0.3,0,0,12.15639019
6.8587,0.3,0,0,12.15639019
6.8787,0.3,0,0,12.15639019
6.8983,0.3,0,0,12.15639019
6.9184,0.3,0,0,12.15639019
6.9384,0.3,0,0,12.15639019
6.9586,0.3,0,0,12.15639019
6.9786,0.3,0,0,12.15639019
6.9983,0.3,0,0,12.15639019
7.0185,0.3,0,0,12.15639019
7.0388,0.3,0,0,12.15639019
7.0588,0.3,0,0,12.15639019
7.0788,0.3,0,0,12.15639019
7.0984,0.3,0,0,12.15639019
7.1184,0.3,0,0,12.15639019
7.1388,0.3,0,0,12.15639019
7.1587,0.3,0,0,12.15639019
7.1787,0.3,0,0,12.15639019
7.1984,0.3,0,0,12.15639019
7.2184,0.3,0,0,12.15639019
7.2387,0.3,0,0,12.15639019
7.2584,0.3,0,0,12.15639019
7.2784,0.3,0,0,12.15639019
7.2984,0.3,0,0,12.15639019
7.3184,0.3,0,0,12.15639019
7.3384,0.3,0,0,12.15639019
7.3587,0.3,0,0,12.15639019
7.3784,0.3,0,0,12.15639019
7.3984,0.3,0,0,12.15639019
7.4184,0.3,0,0,12.15639019
7.4384,0.3,0,0,12.15639019
7.4584,0.3,0,0,12.15639019
7.4784,0.3,0,0,12.15639019
7.4984,0.3,0,0,12.15639019
7.5184,0.3,0,0,12.15639019
7.539,0.3,0,0,12.15639019
7.559,0.3,0,0,12.15639019
7.5786,0.3,0,0,12.15639019
7.5984,0.3,0,0,12.15639019
7.6184,0.3,0,0,12.15639019
7.6387,0.3,0,0,12.15639019
7.6587,0.3,0,0,12.15639019
7.6784,0.3,0,0,12.15639019
7.6984,0.3,0,0,12.15639019
7.7184,0.3,0,0,12.15639019
7.7385,0.3,0,0,12.15639019
7.7585,0.3,0,0,12.15639019
7.7784,0.3,0,0,12.15639019
7.7984,0.3,0,0,12.15639019
7.8184,0.3,0,0,12.15639019
7.839,0.3,0,0,12.15639019
7.8586,0.3,0,0,12.15639019
7.8784,0.3,0,0,12.15639019
7.8984,0.3,0,0,12.15639019
7.9184,0.3,0,0,12.15639019
7.9384,0.3,0,0,12.15639019
7.9587,0.3,0,0,12.15639019
7.9787,0.3,0,0,12.15639019
7.9987,0.3,0,0,12.15639019
8.0185,0.3,0,0,12.15639019
8.0388,0.3,0,0,12.15639019
8.0588,0.3,0,0,12.15639019
8.0784,0.3,0,0,12.15639019
8.0984,0.3,0,0,12.15639019
8.1184,0.3,0,0,12.15639019
8.1388,0.3,0,0,12.15639019
8.1587,0.3,0,0,12.15639019
8.1784,0.3,0,0,12.15639019
8.1984,0.3,0,0,12.15639019
8.2184,0.3,0,0,12.15639019
8.2384,0.3,0,0,12.15639019
8.2584,0.3,0,0,12.15639019
8.2785,0.3,0,0,12.15639019
8.2985,0.3,0,0,12.15639019
8.3184,0.3,0,0,12.15639019
8.339,0.3,0,0,12.15639019
8.3587,0.3,0,0,12.15639019
8.3784,0.3,0,0,12.15639019
8.3984,0.3,0,0,12.15639019
8.4184,0.3,0,0,12.15639019
8.4385,0.3,0,0,12.15639019
8.4584,0.3,0,0,12.15639019
8.4784,0.3,0,0,12.15639019
8.4984,0.3,0,0,12.15639019
8.5185,0.3,0,0,12.15639019
8.5387,0.3,0,0,12.15639019
8.5591,0.3,0,0,12.15639019
8.5787,0.3,0,0,12.15639019
8.5987,0.3,0,0,12.15639019
8.6184,0.3,0,0,12.15639019
8.6388,0.3,0,0,12.15639019
8.6587,0.3,0,0,12.15639019
8.6784,0.3,0,0,12.15639019
8.6984,0.3,0,0,12.15639019
8.7184,0.3,0,0,12.15639019
8.7388,0.3,0,0,12.15639019
8.7584,0.3,0,0,12.15639019
8.7784,0.3,0,0,12.15639019
8.7985,0.3,0,0,12.15639019
8.8185,0.3,0,0,12.15639019
8.8388,0.3,0,0,12.15639019
8.8591,0.3,0,0,12.15639019
8.8785,0.3,0,0,12.15639019
8.8985,0.3,0,0,12.15639019
8.9184,0.3,0,0,12.15639019
8.9386,0.3,0,0,12.15639019
8.9587,0.3,0,0,12.15639019
8.9786,0.3,0,0,12.15639019
8.9987,0.3,0,0,12.15639019
9.0186,0.3,0,0,12.15639019
9.0388,0.3,0,0,12.15639019
9.0588,0.3,0,0,12.15639019
9.0785,0.3,0,0,12.15639019
9.0985,0.3,0,0,12.15639019
9.1185,0.3,0,0,12.15639019
9.1388,0.3,0,0,12.15639019
9.1588,0.3,0,0,12.15639019
9.1785,0.3,0,0,12.15639019
9.1985,0.3,0,0,12.15639019
9.2185,0.3,0,0,12.15639019
9.2385,0.3,0,0,12.15639019
9.2584,0.3,0,0,12.15639019
9.2785,0.3,0,0,12.15639019
9.2985,0.3,0,0,12.15639019
9.3185,0.3,0,0,12.15639019
9.3385,0.3,0,0,12.15639019
9.3588,0.3,0,0,12.15639019
9.3784,0.3,0,0,12.15639019
9.3985,0.3,0,0,12.15639019
9.4185,0.3,0,0,12.15639019
9.4385,0.3,0,0,12.15639019
9.4584,0.3,0,0,12.15639019
9.4784,0.3,0,0,12.15639019
9.4985,0.3,0,0,12.15639019
9.5185,0.3,0,0,12.15639019
9.5391,0.3,0,0,12.15639019
9.5587,0.3,0,0,12.15639019
9.5786,0.3,0,0,12.15639019
9.5987,0.3,0,0,12.15639019
9.6187,0.3,0,0,12.15639019
9.6386,0.3,0,0,12.15639019
9.6585,0.3,0,0,12.15639019
9.6784,0.3,0,0,12.15639019
9.6985,0.3,0,0,12.15639019
9.7185,0.3,0,0,12.15639019
9.7388,0.3,0,0,12.15639019
9.7587,0.3,0,0,12.15639019
9.7785,0.3,0,0,12.15639019
9.7985,0.3,0,0,12.15639019
9.8185,0.3,0,0,12.15639019
9.8391,0.3,0,0,12.15639019
9.8591,0.3,0,0,12.15639019
9.8785,0.3,0,0,12.15639019
9.8985,0.3,0,0,12.15639019
9.9185,0.3,0,0,12.15639019
9.9387,0.3,0,0,12.15639019
9.9587,0.3,0,0,12.15639019
9.9787,0.3,0,0,12.15639019
9.9985,0.3,0,0,12.15639019
10.0186,0.3,0,0,12.15639019
