t,vL,vR,dist_L,dist_R
0.0002,0.0,0.0,0.0,0.0
0.0028,0.0,0.0,0.0,0.0
0.0053,0.0,0.0,0.0,0.0
0.0078,0.0,0.0,0.0,0.0
0.0102,0.0,0.0,0.0,0.0
0.0125,0.0,0.0,0.0,0.0
0.0149,0.0,0.0,0.0,0.0
0.0172,0.0,0.0,0.0,0.0
0.0195,0.0,0.0,0.0,0.0
0.0216,0.0,0.0,0.0,0.0
0.0237,0.0,0.0,0.0,0.0
0.0258,0.0,0.0,0.0,0.0
0.0279,0.0,0.0,0.0,0.0
0.0299,0.0,0.0,0.0,0.0
0.032,0.0,0.0,0.0,0.0
0.0341,0.0,0.0,0.0,0.0
0.0362,0.0,0.0,0.0,0.0
0.0382,0.0,0.0,0.0,0.0
0.0403,0.0,0.0,0.0,0.0
0.0424,0.0,0.0,0.0,0.0
0.0444,0.0,0.0,0.0,0.0
0.0465,0.0,0.0,0.0,0.0
0.0486,0.0,0.0,0.0,0.0
0.0507,0.0,0.0,0.0,0.0
0.0527,0.0,0.0,0.0,0.0
0.0546,0.0,0.0,0.0,0.0
0.0563,0.0,0.0,0.0,0.0
0.0581,0.0,0.0,0.0,0.0
0.0598,0.0,0.0,0.0,0.0
0.0615,0.0,0.0,0.0,0.0
0.0633,0.0,0.0,0.0,0.0
0.0649,0.0,0.0,0.0,0.0
0.0665,0.0,0.0,0.0,0.0
0.068,0.0,0.0,0.0,0.0
0.0695,0.0,0.0,0.0,0.0
0.0709,0.0,0.0,0.0,0.0
0.0724,0.0,0.0,0.0,0.0
0.0737,0.0,0.0,0.0,0.0
0.0752,0.0,0.0,0.0,0.0
0.0765,0.0,0.0,0.0,0.0
0.0779,0.0,0.0,0.0,0.0
0.0793,0.0,0.0,0.0,0.0
0.0806,0.0,0.0,0.0,0.0
0.0819,0.0,0.0,0.0,0.0
0.0832,0.0,0.0,0.0,0.0
0.0848,0.0,0.0,0.0,0.0
0.0864,0.0,0.0,0.0,0.0
0.088,0.0,0.0,0.0,0.0
0.0896,0.0,0.0,0.0,0.0
0.0912,0.0,0.0,0.0,0.0
0.0927,0.0,0.0,0.0,0.0
0.0942,0.0,0.0,0.0,0.0
0.0957,0.0,0.0,0.0,0.0
0.0972,0.0,0.0,0.0,0.0
0.0988,0.0,0.0,0.0,0.0
0.1003,0.0,0.0,0.0,0.0
0.1017,0.0,0.0,0.0,0.0
0.1032,0.0,0.0,0.0,0.0
0.1047,0.0,0.0,0.0,0.0
0.1061,0.0,0.0,0.0,0.0
0.1075,0.0,0.0,0.0,0.0
0.1088,0.0,0.0,0.0,0.0
0.1098,0.0,0.0,0.0,0.0
0.1108,0.0,0.0,0.0,0.0
0.1122,0.0,0.0,0.0,0.0
0.1136,0.0,0.0,0.0,0.0
0.1149,0.0,0.0,0.0,0.0
0.1163,0.0,0.0,0.0,0.0
0.1176,0.0,0.0,0.0,0.0
0.1188,0.0,0.0,0.0,0.0
0.1198,0.0,0.0,0.0,0.0
0.1207,0.0,0.0,0.0,0.0
0.1216,0.0,0.0,0.0,0.0
0.1226,0.0,0.0,0.0,0.0
0.1235,0.0,0.0,0.0,0.0
0.1244,0.0,0.0,0.0,0.0
0.1253,0.0,0.0,0.0,0.0
0.1262,0.0,0.0,0.0,0.0
0.1271,0.0,0.0,0.0,0.0
0.128,0.0,0.0,0.0,0.0
0.1288,0.0,0.0,0.0,0.0
0.1297,0.0,0.0,0.0,0.0
0.1306,0.0,0.0,0.0,0.0
0.1315,0.0,0.0,0.0,0.0
0.1324,0.0,0.0,0.0,0.0
0.1333,0.0,0.0,0.0,0.0
0.1342,0.0,0.0,0.0,0.0
0.135,0.0,0.0,0.0,0.0
0.1359,0.0,0.0,0.0,0.0
0.1368,0.0,0.0,0.0,0.0
0.1377,0.0,0.0,0.0,0.0
0.1386,0.0,0.0,0.0,0.0
0.1395,0.0,0.0,0.0,0.0
0.1404,0.0,0.0,0.0,0.0
0.1412,0.0,0.0,0.0,0.0
0.1421,0.0,0.0,0.0,0.0
0.143,0.0,0.0,0.0,0.0
0.1439,0.0,0.0,0.0,0.0
0.1448,0.0,0.0,0.0,0.0
0.1457,0.0,0.0,0.0,0.0
0.1466,0.0,0.0,0.0,0.0
0.1477,0.0,0.0,0.0,0.0
0.149,0.0,0.0,0.0,0.0
0.1503,0.0,0.0,0.0,0.0
0.1517,0.0,0.0,0.0,0.0
0.1529,0.0,0.0,0.0,0.0
0.1542,0.0,0.0,0.0,0.0
0.1554,0.0,0.0,0.0,0.0
0.1567,0.0,0.0,0.0,0.0
0.1579,0.0,0.0,0.0,0.0
0.1592,0.0,0.0,0.0,0.0
0.1604,0.0,0.0,0.0,0.0
0.1613,0.0,0.0,0.0,0.0
0.1622,0.0,0.0,0.0,0.0
0.163,0.0,0.0,0.0,0.0
0.1639,0.0,0.0,0.0,0.0
0.1648,0.0,0.0,0.0,0.0
0.1657,0.0,0.0,0.0,0.0
0.1666,0.0,0.0,0.0,0.0
0.1675,0.0,0.0,0.0,0.0
0.1684,0.0,0.0,0.0,0.0
0.1692,0.0,0.0,0.0,0.0
0.1701,0.0,0.0,0.0,0.0
0.171,0.0,0.0,0.0,0.0
0.1722,0.0,0.0,0.0,0.0
0.1735,0.0,0.0,0.0,0.0
0.1748,0.0,0.0,0.0,0.0
0.1761,0.0,0.0,0.0,0.0
0.1774,0.0,0.0,0.0,0.0
0.1787,0.0,0.0,0.0,0.0
0.18,0.0,0.0,0.0,0.0
0.1813,0.0,0.0,0.0,0.0
0.1826,0.0,0.0,0.0,0.0
0.1839,0.0,0.0,0.0,0.0
0.1851,0.0,0.0,0.0,0.0
0.1864,0.0,0.0,0.0,0.0
0.1877,0.0,0.0,0.0,0.0
0.1889,0.0,0.0,0.0,0.0
0.1902,0.0,0.0,0.0,0.0
0.1915,0.0,0.0,0.0,0.0
0.1928,0.0,0.0,0.0,0.0
0.1941,0.0,0.0,0.0,0.0
0.1953,0.0,0.0,0.0,0.0
0.1966,0.0,0.0,0.0,0.0
0.1978,0.0,0.0,0.0,0.0
0.1991,0.0,0.0,0.0,0.0
0.2003,0.0,0.0,0.0,0.0
0.2015,0.0,0.0,0.0,0.0
0.2028,0.0,0.0,0.0,0.0
0.204,0.0,0.0,0.0,0.0
0.2053,0.0,0.0,0.0,0.0
0.2066,0.0,0.0,0.0,0.0
0.2079,0.0,0.0,0.0,0.0
0.2092,0.0,0.0,0.0,0.0
0.2106,0.0,0.0,0.0,0.0
0.2119,0.0,0.0,0.0,0.0
0.2133,0.0,0.0,0.0,0.0
0.2146,0.0,0.0,0.0,0.0
0.2159,0.0,0.0,0.0,0.0
0.2172,0.0,0.0,0.0,0.0
0.2185,0.0,0.0,0.0,0.0
0.2198,0.0,0.0,0.0,0.0
0.2212,0.0,0.0,0.0,0.0
0.2225,0.0,0.0,0.0,0.0
0.2237,0.0,0.0,0.0,0.0
0.2246,0.0,0.0,0.0,0.0
0.2255,0.0,0.0,0.0,0.0
0.2264,0.0,0.0,0.0,0.0
0.2276,0.0,0.0,0.0,0.0
0.2289,0.0,0.0,0.0,0.0
0.2303,0.0,0.0,0.0,0.0
0.2316,0.0,0.0,0.0,0.0
0.2328,0.0,0.0,0.0,0.0
0.2341,0.0,0.0,0.0,0.0
0.2354,0.0,0.0,0.0,0.0
0.2367,0.0,0.0,0.0,0.0
0.238,0.0,0.0,0.0,0.0
0.2394,0.0,0.0,0.0,0.0
0.2406,0.0,0.0,0.0,0.0
0.2419,0.0,0.0,0.0,0.0
0.2431,0.0,0.0,0.0,0.0
0.2443,0.0,0.0,0.0,0.0
0.2456,0.0,0.0,0.0,0.0
0.2468,0.0,0.0,0.0,0.0
0.2481,0.0,0.0,0.0,0.0
0.2494,0.0,0.0,0.0,0.0
0.2506,0.0,0.0,0.0,0.0
0.2519,0.0,0.0,0.0,0.0
0.2532,0.0,0.0,0.0,0.0
0.2545,0.0,0.0,0.0,0.0
0.2556,0.0,0.0,0.0,0.0
0.2565,0.0,0.0,0.0,0.0
0.2573,0.0,0.0,0.0,0.0
0.2582,0.0,0.0,0.0,0.0
0.2591,0.0,0.0,0.0,0.0
0.26,0.0,0.0,0.0,0.0
0.2609,0.0,0.0,0.0,0.0
0.2618,0.0,0.0,0.0,0.0
0.2627,0.0,0.0,0.0,0.0
0.2636,0.0,0.0,0.0,0.0
0.2644,0.0,0.0,0.0,0.0
0.2653,0.0,0.0,0.0,0.0
0.2666,0.0,0.0,0.0,0.0
0.268,0.0,0.0,0.0,0.0
0.2689,0.0,0.0,0.0,0.0
0.2698,0.0,0.0,0.0,0.0
0.2707,0.0,0.0,0.0,0.0
0.2716,0.0,0.0,0.0,0.0
0.2725,0.0,0.0,0.0,0.0
0.2734,0.0,0.0,0.0,0.0
0.2742,0.0,0.0,0.0,0.0
0.2751,0.0,0.0,0.0,0.0
0.276,0.0,0.0,0.0,0.0
0.2769,0.0,0.0,0.0,0.0
0.2778,0.0,0.0,0.0,0.0
0.2787,0.0,0.0,0.0,0.0
0.2796,0.0,0.0,0.0,0.0
0.2805,0.0,0.0,0.0,0.0
0.2813,0.0,0.0,0.0,0.0
0.2822,0.0,0.0,0.0,0.0
0.2831,0.0,0.0,0.0,0.0
0.284,0.0,0.0,0.0,0.0
0.2849,0.0,0.0,0.0,0.0
0.2858,0.0,0.0,0.0,0.0
0.2867,0.0,0.0,0.0,0.0
0.2876,0.0,0.0,0.0,0.0
0.2885,0.0,0.0,0.0,0.0
0.2893,0.0,0.0,0.0,0.0
0.2902,0.0,0.0,0.0,0.0
0.2911,0.0,0.0,0.0,0.0
0.292,0.0,0.0,0.0,0.0
0.2929,0.0,0.0,0.0,0.0
0.2938,0.0,0.0,0.0,0.0
0.2947,0.0,0.0,0.0,0.0
0.2956,0.0,0.0,0.0,0.0
0.2965,0.0,0.0,0.0,0.0
0.2973,0.0,0.0,0.0,0.0
0.2982,0.0,0.0,0.0,0.0
0.2991,0.0,0.0,0.0,0.0
0.3,0.0,0.0,0.0,0.0
0.3009,0.0,0.0,0.0,0.0
0.3018,0.0,0.0,0.0,0.0
0.3027,0.0,0.0,0.0,0.0
0.3036,0.0,0.0,0.0,0.0
0.3045,0.0,0.0,0.0,0.0
0.3053,0.0,0.0,0.0,0.0
0.3062,0.0,0.0,0.0,0.0
0.3071,0.0,0.0,0.0,0.0
0.308,0.0,0.0,0.0,0.0
0.3089,0.0,0.0,0.0,0.0
0.3098,0.0,0.0,0.0,0.0
0.3107,0.0,0.0,0.0,0.0
0.3115,0.0,0.0,0.0,0.0
0.3124,0.0,0.0,0.0,0.0
0.3133,0.0,0.0,0.0,0.0
0.3142,0.0,0.0,0.0,0.0
0.3151,0.0,0.0,0.0,0.0
0.3159,0.0,0.0,0.0,0.0
0.3168,0.0,0.0,0.0,0.0
0.3177,0.0,0.0,0.0,0.0
0.3186,0.0,0.0,0.0,0.0
0.3195,0.0,0.0,0.0,0.0
0.3203,0.0,0.0,0.0,0.0
0.3212,0.0,0.0,0.0,0.0
0.3221,0.0,0.0,0.0,0.0
0.323,0.0,0.0,0.0,0.0
0.3241,0.0,0.0,0.0,0.0
0.3254,0.0,0.0,0.0,0.0
0.3267,0.0,0.0,0.0,0.0
0.328,0.0,0.0,0.0,0.0
0.3293,0.0,0.0,0.0,0.0
0.3306,0.0,0.0,0.0,0.0
0.3319,0.0,0.0,0.0,0.0
0.3331,0.0,0.0,0.0,0.0
0.3345,0.0,0.0,0.0,0.0
0.3358,0.0,0.0,0.0,0.0
0.337,0.0,0.0,0.0,0.0
0.3383,0.0,0.0,0.0,0.0
0.3396,0.0,0.0,0.0,0.0
0.3409,0.0,0.0,0.0,0.0
0.3422,0.0,0.0,0.0,0.0
0.3435,0.0,0.0,0.0,0.0
0.3447,0.0,0.0,0.0,0.0
0.346,0.0,0.0,0.0,0.0
0.3473,0.0,0.0,0.0,0.0
0.3486,0.0,0.0,0.0,0.0
0.3499,0.0,0.0,0.0,0.0
0.3512,0.0,0.0,0.0,0.0
0.3524,0.0,0.0,0.0,0.0
0.3536,0.0,0.0,0.0,0.0
0.3548,0.0,0.0,0.0,0.0
0.356,0.0,0.0,0.0,0.0
0.3573,0.0,0.0,0.0,0.0
0.3585,0.0,0.0,0.0,0.0
0.3598,0.0,0.0,0.0,0.0
0.361,0.0,0.0,0.0,0.0
0.3623,0.0,0.0,0.0,0.0
0.3636,0.0,0.0,0.0,0.0
0.3648,0.0,0.0,0.0,0.0
0.3657,0.0,0.0,0.0,0.0
0.3665,0.0,0.0,0.0,0.0
0.3674,0.0,0.0,0.0,0.0
0.3683,0.0,0.0,0.0,0.0
0.3692,0.0,0.0,0.0,0.0
0.3701,0.0,0.0,0.0,0.0
0.371,0.0,0.0,0.0,0.0
0.3719,0.0,0.0,0.0,0.0
0.3727,0.0,0.0,0.0,0.0
0.3736,0.0,0.0,0.0,0.0
0.3745,0.0,0.0,0.0,0.0
0.3754,0.0,0.0,0.0,0.0
0.3763,0.0,0.0,0.0,0.0
0.3772,0.0,0.0,0.0,0.0
0.378,0.069261388,0.034630694,0.0001,0.0
0.379,0.138472403,0.173153469,0.0002,0.0002
0.3799,0.173090504,0.207651973,0.0003,0.0004
0.3807,0.242326706,0.242392813,0.0006,0.0006
0.3816,0.276944807,0.276869297,0.0008,0.0008
0.3825,0.346181009,0.311647903,0.0011,0.0011
0.3833,0.346181009,0.346086621,0.0014,0.0014
0.3842,0.38079911,0.380902992,0.0017,0.0017
0.3851,0.41541721,0.415303946,0.0021,0.0021
0.3859,0.450035311,0.450158082,0.0025,0.0025
0.3868,0.484653412,0.48452127,0.0029,0.0029
0.3877,0.450035311,0.519413171,0.0033,0.0034
0.3885,0.450035311,0.519129932,0.0037,0.0038
0.3894,0.450035311,0.519413171,0.0041,0.0043
0.3903,0.41541721,0.519129932,0.0044,0.0047
0.3911,0.41541721,0.519413171,0.0048,0.0052
0.392,0.41541721,0.553738594,0.0051,0.0056
0.3929,0.38079911,0.554040716,0.0055,0.0061
0.3937,0.38079911,0.519129932,0.0058,0.0066
0.3946,0.38079911,0.554040716,0.0061,0.007
0.3955,0.38079911,0.553738594,0.0065,0.0075
0.3963,0.41541721,0.519413171,0.0068,0.008
0.3972,0.41541721,0.553738594,0.0072,0.0084
0.398,0.450035311,0.519413171,0.0076,0.0089
0.3989,0.41541721,0.519129932,0.0079,0.0093
0.3998,0.41541721,0.519413171,0.0083,0.0098
0.4007,0.471465564,0.525790324,0.0087,0.0103
0.4015,0.450035311,0.484785626,0.0091,0.0107
0.4024,0.484653412,0.519129932,0.0095,0.0111
0.4033,0.484653412,0.484785626,0.01,0.0116
0.4042,0.484653412,0.519129932,0.0104,0.012
0.4051,0.519271513,0.519413171,0.0108,0.0125
0.4059,0.484653412,0.519129932,0.0113,0.0129
0.4068,0.519271513,0.554040716,0.0117,0.0134
0.4089,0.553889614,0.519129932,0.0129,0.0145
0.42,0.553889614,0.554040716,0.019,0.0206
0.4311,0.553889614,0.553738594,0.0251,0.0268
0.4422,0.553889614,0.554040716,0.0313,0.0329
0.4534,0.553889614,0.588347256,0.0375,0.0395
0.4646,0.553889614,0.554040716,0.0437,0.0457
0.4759,0.588507715,0.588347256,0.0504,0.0524
0.4868,0.553889614,0.588668261,0.0564,0.0588
0.5027,0.588507715,0.553738594,0.0657,0.0676
0.5138,0.588507715,0.588668261,0.0723,0.0741
0.525,0.58026531,0.580182427,0.0788,0.0806
0.5361,0.588507715,0.623295805,0.0853,0.0875
0.5472,0.623012541,0.587866406,0.0922,0.0941
0.5583,0.588614736,0.589150424,0.0988,0.1006
0.5695,0.623125816,0.588347256,0.1057,0.1072
0.5806,0.623125816,0.588668261,0.1127,0.1137
0.5917,0.588507715,0.622955919,0.1192,0.1207
0.6029,0.588507715,0.588668261,0.1258,0.1272
0.614,0.623125816,0.622955919,0.1327,0.1342
0.6296,0.623125816,0.623295805,0.1425,0.1439
0.6408,0.623125816,0.657564581,0.1494,0.1512
0.6519,0.623125816,0.623295805,0.1563,0.1582
0.6631,0.623125816,0.588347256,0.1633,0.1648
0.6742,0.588507715,0.623295805,0.1698,0.1717
0.6853,0.588507715,0.588347256,0.1764,0.1782
0.6964,0.588507715,0.588668261,0.1829,0.1848
0.7076,0.553889614,0.588347256,0.1891,0.1913
0.7187,0.588507715,0.588668261,0.1956,0.1979
0.7298,0.562132019,0.562051726,0.2019,0.2041
0.741,0.553889614,0.588668261,0.2081,0.2107
0.7567,0.553889614,0.588347256,0.2168,0.2199
0.7678,0.553889614,0.554040716,0.2229,0.2261
0.7789,0.553889614,0.588347256,0.2291,0.2326
0.7901,0.588507715,0.588668261,0.2357,0.2392
0.8012,0.553889614,0.588347256,0.2418,0.2458
0.8123,0.588454219,0.588614736,0.2484,0.2523
0.8235,0.57110348,0.602279454,0.2547,0.259
0.8346,0.588614736,0.623806332,0.2613,0.2659
0.8458,0.623182469,0.623069173,0.2683,0.273
0.8569,0.623125816,0.588668261,0.2752,0.2795
0.868,0.588507715,0.622955919,0.2817,0.2864
0.8836,0.623125816,0.623295805,0.2915,0.2961
0.8948,0.588507715,0.622955919,0.298,0.3031
0.9059,0.623125816,0.623295805,0.3049,0.31
0.917,0.623125816,0.622955919,0.3119,0.3169
0.9282,0.623125816,0.588668261,0.3188,0.3235
0.9393,0.623125816,0.622955919,0.3258,0.3304
0.9505,0.588507715,0.623295805,0.3323,0.3374
0.9616,0.616531892,0.616443828,0.3392,0.3442
0.9727,0.623125816,0.588668261,0.3461,0.3508
0.9839,0.657743916,0.622955919,0.3534,0.3577
0.9995,0.623125816,0.623295805,0.3632,0.3675
1.0106,0.623125816,0.588347256,0.3701,0.374
1.0218,0.623125816,0.623295805,0.3771,0.381
1.0329,0.588507715,0.622955919,0.3836,0.3879
1.044,0.623125816,0.65792335,0.3906,0.3952
1.0552,0.657743916,0.657564581,0.3979,0.4026
1.0663,0.623125816,0.623295805,0.4048,0.4095
1.0774,0.657743916,0.657564581,0.4121,0.4168
1.0885,0.588507715,0.588668261,0.4187,0.4234
1.0997,0.623125816,0.622955919,0.4256,0.4303
1.1109,0.588507715,0.588668261,0.4322,0.4369
1.1265,0.588507715,0.588347256,0.4414,0.4461
1.1376,0.588507715,0.623295805,0.4479,0.453
1.1488,0.553889614,0.588347256,0.4541,0.4596
1.1599,0.588507715,0.588668261,0.4607,0.4661
1.171,0.562132019,0.580182427,0.4669,0.4726
1.1821,0.553889614,0.554040716,0.4731,0.4787
1.1933,0.553889614,0.588347256,0.4793,0.4853
1.2044,0.588507715,0.588668261,0.4858,0.4918
1.2156,0.553889614,0.588347256,0.492,0.4984
1.2267,0.588507715,0.588668261,0.4985,0.5049
1.2378,0.588507715,0.622955919,0.5051,0.5119
1.2535,0.553889614,0.588668261,0.5138,0.5211
1.2646,0.623125816,0.622955919,0.5207,0.528
1.2757,0.588507715,0.623295805,0.5272,0.535
1.2869,0.623125816,0.588347256,0.5342,0.5415
1.298,0.623125816,0.65792335,0.5411,0.5489
1.3091,0.588507715,0.622955919,0.5477,0.5558
1.3203,0.623125816,0.623295805,0.5546,0.5627
1.3314,0.623125816,0.622955919,0.5615,0.5697
1.3425,0.623125816,0.588668261,0.5685,0.5762
1.3537,0.623125816,0.622955919,0.5754,0.5831
1.3648,0.623125816,0.623295805,0.5823,0.5901
1.3805,0.616531892,0.616443828,0.592,0.5997
1.3916,0.623125816,0.623295805,0.5989,0.6067
1.4027,0.623125816,0.622955919,0.6059,0.6136
1.4139,0.623125816,0.623295805,0.6128,0.6206
1.425,0.623125816,0.588347256,0.6198,0.6271
1.4361,0.623125816,0.623295805,0.6267,0.634
1.4473,0.623125816,0.622955919,0.6336,0.641
1.4584,0.623125816,0.623295805,0.6406,0.6479
1.4695,0.623125816,0.657564581,0.6475,0.6552
1.4807,0.623125816,0.623295805,0.6544,0.6622
1.4963,0.623125816,0.657564581,0.6642,0.6725
1.5075,0.623125816,0.623295805,0.6711,0.6794
1.5186,0.623125816,0.588347256,0.6781,0.686
1.5297,0.588507715,0.588668261,0.6846,0.6925
1.5409,0.588507715,0.622955919,0.6912,0.6995
1.552,0.588507715,0.588668261,0.6977,0.706
1.5631,0.588507715,0.588347256,0.7043,0.7126
1.5743,0.553889614,0.588668261,0.7105,0.7191
1.5854,0.58026531,0.598313127,0.7169,0.7258
1.5965,0.553889614,0.554040716,0.7231,0.7319
1.6077,0.588507715,0.588347256,0.7296,0.7385
1.6233,0.539330573,0.570865659,0.7381,0.7474
1.6345,0.588614736,0.58877534,0.7446,0.754
1.6456,0.553939972,0.623409183,0.7508,0.7609
1.6567,0.588507715,0.588347256,0.7573,0.7675
1.6678,0.588507715,0.623295805,0.7639,0.7744
1.679,0.588507715,0.588347256,0.7704,0.7809
1.6901,0.623125816,0.623295805,0.7774,0.7879
1.7012,0.623125816,0.622955919,0.7843,0.7948
1.7124,0.588507715,0.623295805,0.7909,0.8018
1.7235,0.623125816,0.657564581,0.7978,0.8091
1.7346,0.623125816,0.623295805,0.8047,0.816
1.7503,0.623125816,0.588347256,0.8145,0.8252
1.7614,0.623125816,0.623295805,0.8214,0.8322
1.7726,0.623125816,0.622955919,0.8284,0.8391
1.7837,0.623125816,0.623295805,0.8353,0.8461
1.7949,0.623125816,0.622955919,0.8423,0.853
1.806,0.623125816,0.623295805,0.8492,0.86
1.8172,0.616531892,0.616443828,0.8561,0.8668
1.8283,0.657743916,0.623295805,0.8634,0.8738
1.8395,0.623125816,0.588347256,0.8704,0.8804
1.8552,0.623125816,0.623295805,0.8802,0.8901
1.8664,0.623125816,0.622955919,0.8872,0.8971
1.8775,0.623125816,0.65792335,0.8941,0.9045
1.8887,0.623125816,0.622955919,0.901,0.9114
1.9,0.623125816,0.65792335,0.9081,0.9189
1.911,0.623125816,0.622955919,0.9149,0.9257
1.9221,0.623125816,0.623295805,0.9219,0.9326
1.9335,0.623125816,0.588347256,0.929,0.9393
1.949,0.588507715,0.623295805,0.9381,0.949
1.9601,0.588507715,0.588347256,0.9447,0.9556
1.9713,0.588507715,0.588668261,0.9512,0.9621
1.9825,0.58026531,0.598313127,0.9577,0.9688
1.9936,0.553889614,0.588668261,0.9639,0.9754
2.0048,0.588507715,0.588347256,0.9705,0.982
2.016,0.553889614,0.554040716,0.9767,0.9881
2.0271,0.553889614,0.588347256,0.9828,0.9947
2.0383,0.588507715,0.588668261,0.9894,1.0013
2.054,0.553889614,0.588347256,0.9981,1.0105
2.0651,0.588507715,0.588668261,1.0047,1.0171
2.0763,0.553889614,0.588347256,1.0108,1.0236
2.0875,0.588507715,0.588668261,1.0174,1.0302
2.0986,0.588507715,0.622955919,1.024,1.0372
2.1098,0.623125816,0.623295805,1.0309,1.0441
2.121,0.588507715,0.622955919,1.0375,1.0511
2.1321,0.623125816,0.623295805,1.0445,1.058
2.1478,0.616531892,0.616443828,1.0541,1.0677
2.159,0.623125816,0.623295805,1.0611,1.0747
2.1702,0.588507715,0.622955919,1.0677,1.0816
2.1813,0.623125816,0.623295805,1.0746,1.0886
2.1925,0.623125816,0.622955919,1.0816,1.0955
2.2037,0.623125816,0.588668261,1.0886,1.1021
2.2148,0.623125816,0.622955919,1.0955,1.1091
2.226,0.623125816,0.623295805,1.1025,1.116
2.2521,0.639152852,0.625397516,1.1192,1.1324
2.2633,0.623239132,0.623465888,1.1261,1.1393
2.2744,0.623125816,0.623069173,1.1331,1.1463
2.2856,0.623125816,0.623182469,1.14,1.1532
2.2968,0.623125816,0.623069173,1.147,1.1602
2.308,0.623125816,0.657803717,1.154,1.1676
2.3191,0.657743916,0.623069173,1.1613,1.1745
2.3302,0.623125816,0.657803717,1.1682,1.1818
2.3459,0.588507715,0.588454219,1.1775,1.1911
2.3571,0.623125816,0.623182469,1.1844,1.198
2.3683,0.623125816,0.588454219,1.1914,1.2046
2.3794,0.553889614,0.58856122,1.1976,1.2112
2.3906,0.588507715,0.623069173,1.2041,1.2181
2.4017,0.588507715,0.58856122,1.2107,1.2247
2.4129,0.588507715,0.588454219,1.2173,1.2313
2.424,0.553814094,0.588240333,1.2234,1.2378
2.4397,0.588614736,0.554292736,1.2326,1.2465
2.4508,0.553939972,0.588668261,1.2388,1.253
2.462,0.553889614,0.588454219,1.245,1.2596
2.4732,0.588507715,0.58856122,1.2516,1.2662
2.4846,0.588507715,0.588454219,1.2583,1.2729
2.4957,0.553889614,0.623182469,1.2645,1.2798
2.5066,0.588507715,0.588454219,1.2709,1.2863
2.5178,0.623125816,0.623182469,1.2778,1.2932
2.5335,0.588507715,0.623069173,1.2871,1.303
2.5447,0.623125816,0.623182469,1.294,1.31
2.5558,0.588507715,0.623069173,1.3006,1.3169
2.567,0.623125816,0.623182469,1.3076,1.3239
2.5782,0.623125816,0.623069173,1.3145,1.3308
2.5893,0.623125816,0.58856122,1.3215,1.3374
2.6005,0.616531892,0.61647318,1.3284,1.3443
2.6116,0.623125816,0.623239132,1.3353,1.3512
2.6274,0.588507715,0.623069173,1.3446,1.361
2.6385,0.623125816,0.623182469,1.3515,1.368
2.6496,0.623125816,0.623069173,1.3585,1.3749
2.6608,0.657743916,0.623182469,1.3658,1.3819
2.672,0.623125816,0.588454219,1.3728,1.3884
2.6832,0.623125816,0.623182469,1.3797,1.3954
2.6943,0.623125816,0.623069173,1.3867,1.4024
2.7055,0.623125816,0.623182469,1.3936,1.4093
2.7212,0.623125816,0.657684127,1.4034,1.4196
2.7323,0.623125816,0.623182469,1.4104,1.4266
2.7435,0.623125816,0.657684127,1.4173,1.4339
2.7546,0.623125816,0.623182469,1.4243,1.4409
2.7659,0.616531892,0.598341616,1.4312,1.4476
2.777,0.623125816,0.623239132,1.4381,1.4545
2.7881,0.588507715,0.588454219,1.4447,1.4611
2.7993,0.588507715,0.58856122,1.4513,1.4677
2.815,0.553889614,0.588454219,1.4599,1.4769
2.8262,0.588507715,0.623182469,1.4665,1.4839
2.8373,0.553889614,0.588454219,1.4727,1.4904
2.8485,0.588507715,0.553939972,1.4793,1.4966
2.8597,0.553889614,0.588454219,1.4855,1.5032
2.8708,0.588507715,0.58856122,1.492,1.5097
2.882,0.553889614,0.588454219,1.4982,1.5163
2.8933,0.553889614,0.58856122,1.5044,1.523
2.9088,0.588507715,0.588454219,1.5136,1.5321
2.92,0.588507715,0.58856122,1.5202,1.5387
2.9312,0.58026531,0.616502534,1.5267,1.5456
2.9423,0.623125816,0.623182469,1.5336,1.5525
2.9537,0.588507715,0.623069173,1.5403,1.5596
2.9646,0.623125816,0.623182469,1.5471,1.5664
2.9758,0.623125816,0.623069173,1.5541,1.5734
2.9869,0.623125816,0.623182469,1.561,1.5803
2.9981,0.623125816,0.588454219,1.568,1.5869
3.0138,0.623125816,0.623182469,1.5778,1.5967
3.025,0.623125816,0.623069173,1.5847,1.6036
3.0361,0.623125816,0.657803717,1.5917,1.611
3.0473,0.588507715,0.623069173,1.5983,1.6179
3.0585,0.623125816,0.58856122,1.6052,1.6245
3.0696,0.623125816,0.623069173,1.6121,1.6315
3.0808,0.657743916,0.623182469,1.6195,1.6384
3.0919,0.634665183,0.61647318,1.6266,1.6453
3.1076,0.623125816,0.623239132,1.6363,1.6551
3.1188,0.623125816,0.623069173,1.6433,1.662
3.1299,0.623125816,0.657803717,1.6503,1.6694
3.1411,0.623125816,0.623069173,1.6572,1.6763
3.1523,0.623125816,0.657803717,1.6642,1.6837
3.1635,0.623125816,0.623069173,1.6711,1.6906
3.1746,0.623125816,0.623182469,1.6781,1.6976
3.1858,0.623125816,0.588454219,1.6851,1.7042
3.2015,0.623125816,0.623182469,1.6948,1.7139
3.2126,0.588507715,0.588454219,1.7014,1.7205
3.2238,0.588507715,0.58856122,1.708,1.7271
3.235,0.588507715,0.588454219,1.7145,1.7336
3.2461,0.5710559,0.602429899,1.7209,1.7404
3.2572,0.588614736,0.588936032,1.7275,1.7469
3.2684,0.562158788,0.580348217,1.7337,1.7534
3.2796,0.588507715,0.588454219,1.7403,1.76
3.2952,0.553889614,0.58856122,1.749,1.7692
3.3064,0.553889614,0.588454219,1.7552,1.7758
3.3176,0.588507715,0.58856122,1.7618,1.7824
3.3287,0.588507715,0.588454219,1.7683,1.7889
3.3399,0.588507715,0.623182469,1.7749,1.7958
3.3511,0.588507715,0.623069173,1.7814,1.8028
3.3622,0.588507715,0.623182469,1.788,1.8098
3.3734,0.623125816,0.623069173,1.795,1.8167
3.3891,0.623125816,0.623182469,1.8047,1.8265
3.4002,0.588507715,0.623069173,1.8113,1.8335
3.4114,0.623125816,0.58856122,1.8183,1.84
3.4225,0.623125816,0.623069173,1.8252,1.847
3.4337,0.634665183,0.634695406,1.8323,1.8541
3.4449,0.623125816,0.623069173,1.8393,1.861
3.4561,0.588507715,0.623182469,1.8459,1.868
3.4673,0.623125816,0.623069173,1.8528,1.875
3.4784,0.623125816,0.623182469,1.8597,1.8819
3.4941,0.657743916,0.623069173,1.8701,1.8917
3.5053,0.623125816,0.58856122,1.8771,1.8983
3.5164,0.657743916,0.623069173,1.8844,1.9052
3.5276,0.623125816,0.657803717,1.8913,1.9126
3.5387,0.623125816,0.623069173,1.8983,1.9195
3.5499,0.623125816,0.623182469,1.9052,1.9264
3.561,0.623125816,0.657684127,1.9122,1.9338
3.5722,0.657743916,0.623182469,1.9195,1.9407
3.5879,0.623125816,0.623069173,1.9293,1.9505
3.5991,0.616531892,0.616561252,1.9362,1.9574
3.6102,0.588507715,0.623069173,1.9428,1.9644
3.6214,0.588133448,0.588026602,1.9493,1.9709
3.6326,0.588882458,0.588936032,1.9559,1.9775
3.6438,0.588507715,0.588614736,1.9625,1.9841
3.6549,0.588507715,0.623069173,1.969,1.991
3.666,0.588507715,0.58856122,1.9756,1.9976
3.6817,0.588507715,0.588454219,1.9848,2.0068
3.6929,0.553889614,0.58856122,1.991,2.0134
3.704,0.588507715,0.588454219,1.9976,2.02
3.7152,0.553889614,0.553939972,2.0038,2.0261
3.7264,0.553889614,0.588454219,2.0099,2.0327
3.7375,0.588507715,0.58856122,2.0165,2.0393
3.7487,0.588507715,0.623069173,2.0231,2.0462
3.7599,0.58026531,0.616561252,2.0296,2.0531
3.7755,0.623125816,0.623069173,2.0393,2.0629
3.7867,0.588507715,0.623182469,2.0459,2.0698
3.7978,0.623125816,0.623069173,2.0529,2.0768
3.809,0.623125816,0.623182469,2.0598,2.0837
3.8202,0.623125816,0.623069173,2.0668,2.0907
3.8314,0.623125816,0.623182469,2.0737,2.0977
3.8425,0.623125816,0.623069173,2.0807,2.1046
3.8537,0.623125816,0.623182469,2.0876,2.1116
3.8694,0.623125816,0.623069173,2.0974,2.1214
3.8806,0.623125816,0.623182469,2.1044,2.1283
3.8917,0.623125816,0.623069173,2.1113,2.1353
3.9029,0.623125816,0.623182469,2.1183,2.1422
3.914,0.657743916,0.623069173,2.1256,2.1492
3.9253,0.634634962,0.616502534,2.1328,2.1562
3.9364,0.623182469,0.623182469,2.1397,2.163
3.9475,0.623125816,0.623182469,2.1467,2.17
3.9632,0.623125816,0.657684127,2.1564,2.1803
3.9744,0.657743916,0.657803717,2.1637,2.1876
3.9856,0.623125816,0.623069173,2.1707,2.1946
3.9967,0.623125816,0.623182469,2.1777,2.2015
