t,cmd,vL,vR,odl,odr,vbat
0.0003,0.3,0,0,0,0,1176
0.0163,0.3,0,0,0,0,1176
0.0363,0.3,0,0,0,0,1176
0.0562,0.3,0,0,0,0,1176
0.0762,0.3,0,0,0,0,1176
0.0962,0.3,0,0,0,0,1176
0.1162,0.3,0,0,0,0,1176
0.1362,0.3,0,0,0,0,1176
0.1562,0.3,0,0.381562234,0,0,1176
0.1772,0.3,0,0.38079911,0,0,1176
0.1971,0.3,0.38079911,0,1,0,1176
0.2171,0.3,0.38079911,0,1,1,1176
0.2371,0.3,0.38079911,0,1,1,1176
0.2571,0.3,0.38079911,0,2,1,1176
0.2771,0.3,0.38079911,0.380039031,3,2,1176
0.2978,0.3,0.38079911,0,3,2,1176
0.3171,0.3,0.38079911,0.38079911,4,2,1176
0.3378,0.3,0.38079911,0,5,3,1176
0.3571,0.3,0,0.381562234,5,3,1176
0.3772,0.3,0,0.381562234,6,3,1176
0.3972,0.3,0.38079911,0.38079911,6,4,1176
0.4178,0.3,0.38079911,0,7,4,1176
0.4371,0.3,0.38079911,0.380039031,7,5,1176
0.4578,0.3,0,0.381562234,8,5,1176
0.4772,0.3,0.38079911,0.380039031,8,6,1176
0.4978,0.3,0.38079911,0.38079911,9,7,1176
0.5178,0.3,0.38079911,0.38079911,10,7,1176
0.5378,0.3,0.38079911,0.38079911,10,8,1176
0.5578,0.3,0.38079911,0.38079911,11,8,1176
0.5778,0.3,0.38079911,0,12,9,1176
0.5972,0.3,0.38079911,0.38079911,13,10,1176
0.6178,0.3,0.38079911,0.38079911,14,10,1176
0.6379,0.3,0.38079911,0.380039031,14,11,1176
0.658,0.3,0.38079911,0.380039031,15,12,1176
0.6778,0.3,0.38079911,0,15,12,1176
0.6974,0.3,0.38079911,0.38079911,16,13,1176
0.7178,0.3,0.38079911,0.380039031,16,13,1176
0.7378,0.3,0,0.381562234,17,14,1176
0.7574,0.3,0.38079911,0,17,14,1176
0.7774,0.3,0,0,18,15,1176
0.7964,0.3,0.38079911,0.380039031,18,15,1176
0.8178,0.3,0.38079911,0.38079911,19,16,1176
0.8378,0.3,0.38079911,0,19,16,1176
0.8574,0.3,0.38079911,0,20,17,1176
0.8774,0.3,0.38079911,0.38079911,21,18,1176
0.8978,0.3,0.38079911,0.38079911,21,18,1176
0.9178,0.3,0.38079911,0.38079911,22,19,1176
0.9378,0.3,0.38079911,0.38079911,23,20,1176
0.9578,0.3,0.38079911,0.380039031,23,20,1176
0.9778,0.3,0.38079911,0.380039031,24,21,1176
0.9978,0.3,0.38079911,0.38079911,25,21,1176
1.0178,0.3,0.38079911,0.38079911,26,22,1176
1.0378,0.3,0.761598219,0.38079911,26,23,1176
1.0578,0.3,0.38079911,0.38079911,27,23,1176
1.0778,0.3,0.761598219,0.38079911,28,24,1176
1.0978,0.3,0.38079911,0.38079911,29,25,1176
1.1178,0.3,0.38079911,0.38079911,30,25,1176
1.1378,0.3,0.38079911,0.38079911,31,26,1176
1.1578,0.3,0.38079911,0.38079911,32,27,1176
1.1778,0.3,0.38079911,0.38079911,33,27,1176
1.1978,0.3,0.38079911,0.38079911,34,28,1176
1.2178,0.3,0.38079911,0.38079911,34,29,1176
1.2378,0.3,0.761598219,0.380039031,35,29,1176
1.2578,0.3,0.38079911,0.38079911,36,30,1176
1.2778,0.3,0.38079911,0,37,30,1176
1.2973,0.3,0.38079911,0.38079911,37,31,1176
1.3178,0.3,0.38079911,0.380039031,38,32,1176
1.3378,0.3,0.38079911,0.380039031,39,32,1176
1.3578,0.3,0.38079911,0.38079911,39,33,1176
1.3778,0.3,0.38079911,0.38079911,40,34,1176
1.3977,0.3,0.38079911,0.38079911,41,35,1176
1.4178,0.3,0.38079911,0.38079911,42,35,1176
1.4377,0.3,0.38079911,0.38079911,42,36,1176
1.4577,0.3,0.38079911,0.38079911,43,37,1176
1.4778,0.3,0.38079911,0.38079911,44,37,1176
1.4978,0.3,0.38079911,0.38079911,44,38,1176
1.5177,0.3,0.38079911,0.38079911,45,39,1176
1.5378,0.3,0.38079911,0.38079911,46,39,1176
1.5577,0.3,0.38079911,0.38079911,46,40,1176
1.5778,0.3,0.38079911,0.38079911,47,41,1176
1.598,0.3,0.38079911,0.38079911,47,41,1176
1.618,0.3,0.38079911,0.380039031,48,42,1176
1.6378,0.3,0.38079911,0.380039031,49,42,1176
1.6578,0.3,0.38079911,0.380039031,49,43,1176
1.6777,0.3,0.38079911,0.380039031,50,44,1176
1.6977,0.3,0.38079911,0,50,44,1176
1.7172,0.3,0,0.381562234,51,45,1176
1.7373,0.3,0.38079911,0.380039031,51,45,1176
1.7577,0.3,0,0.381562234,51,46,1176
1.7774,0.3,0,0,52,46,1176
1.7963,0.3,0,0.381562234,52,47,1176
1.8174,0.3,0.38079911,0.38079911,53,48,1176
1.8377,0.3,0.38079911,0,53,48,1176
1.8573,0.3,0.38079911,0.38079911,54,49,1176
1.8777,0.3,0.38079911,0.38079911,55,50,1176
1.8978,0.3,0,0.381562234,55,50,1176
1.9173,0.3,0,0,56,51,1176
1.9363,0.3,0,0,56,51,1176
1.9563,0.3,0.38079911,0,57,52,1176
1.9772,0.3,0.38079911,0.38079911,58,53,1176
1.9977,0.3,0.38079911,0,58,53,1176
2.0174,0.6,0.38079911,0.380039031,59,54,1176
2.0377,0.6,0.38079911,0,59,54,1176
2.0572,0.6,0.38079911,0,60,55,1176
2.0772,0.6,0.38079911,0.380039031,60,56,1176
2.0977,0.6,0,0.381562234,61,56,1176
2.1174,0.6,0.38079911,0.38079911,62,57,1176
2.1377,0.6,0.38079911,0.761598219,62,58,1176
2.1577,0.6,0.38079911,0.761598219,63,59,1176
2.1777,0.6,0.38079911,0.761598219,64,60,1176
2.1977,0.6,0.761598219,0.761598219,66,61,1176
2.2177,0.6,1.142397329,0.38079911,67,63,1176
2.2377,0.6,0.761598219,0.761598219,69,64,1176
2.2577,0.6,0.761598219,0.761598219,70,66,1176
2.2777,0.6,0.761598219,0.761598219,72,67,1176
2.2977,0.6,0.761598219,0.76236058,74,68,1176
2.3177,0.6,1.142397329,0.761598219,75,69,1176
2.3377,0.6,0.761598219,0.38079911,77,71,1176
2.3577,0.6,0.761598219,0.761598219,79,72,1176
2.3777,0.6,0.761598219,0.761598219,80,74,1176
2.3977,0.6,0.761598219,0.761598219,82,75,1176
2.4177,0.6,0.761598219,0.761598219,84,77,1176
2.4377,0.6,0.38079911,0.761598219,85,78,1176
2.4577,0.6,0.761598219,0.761598219,86,79,1176
2.4777,0.6,0.761598219,0.761598219,88,81,1176
2.4977,0.6,0.761598219,0.761598219,89,82,1176
2.5177,0.6,0.761598219,0.761598219,91,84,1176
2.5377,0.6,0.761598219,0.761598219,92,85,1176
2.5577,0.6,0.38079911,0.38079911,93,87,1176
2.5777,0.6,0.761598219,0.761598219,95,88,1176
2.5977,0.6,0.761598219,0.38079911,96,89,1176
2.6177,0.6,0.761598219,0.761598219,97,91,1176
2.6377,0.6,0.38079911,0.761598219,99,92,1176
2.6577,0.6,0.761598219,0.761598219,100,93,1176
2.6777,0.6,0.38079911,0.38079911,101,94,1176
2.6978,0.6,0.761598219,0.38079911,102,95,1176
2.7178,0.6,0.38079911,0.761598219,103,96,1176
2.7378,0.6,0.38079911,0.38079911,104,98,1176
2.7578,0.6,0.38079911,0.761598219,105,99,1176
2.7778,0.6,0.38079911,0.761598219,107,100,1176
2.7978,0.6,0.38079911,0.761598219,108,101,1176
2.8178,0.6,0.38079911,0.761598219,109,102,1176
2.8378,0.6,0.761598219,0.761598219,110,104,1176
2.8579,0.6,0.761598219,0.761598219,111,105,1176
2.8778,0.6,0.761598219,0.761598219,112,107,1176
2.8978,0.6,0.38079911,0.761598219,113,108,1176
2.9178,0.6,0.38079911,0.761598219,114,110,1176
2.9378,0.6,0.761598219,0.761598219,115,111,1176
2.9578,0.6,0.761598219,0.761598219,116,112,1176
2.9778,0.6,0.761598219,0.761598219,117,114,1176
2.9978,0.6,0.38079911,0.761598219,118,115,1176
3.0178,0.6,0.38079911,0.761598219,119,116,1176
3.0378,0.6,0.761598219,0.38079911,120,117,1176
3.0578,0.6,0.38079911,0.38079911,121,118,1176
3.0778,0.6,0.38079911,0.38079911,122,119,1176
3.0978,0.6,0.38079911,0.38079911,124,120,1176
3.1178,0.6,0.761598219,0.761598219,125,121,1176
3.1378,0.6,0.761598219,0.761598219,126,122,1176
3.1578,0.6,0.38079911,0.38079911,127,123,1176
3.1778,0.6,0.761598219,0.38079911,128,124,1176
3.1978,0.6,0.761598219,0.38079911,130,125,1176
3.2178,0.6,0.38079911,0.761598219,131,126,1176
3.2378,0.6,0.761598219,0.761598219,132,128,1176
3.2578,0.6,0.761598219,0.761598219,133,129,1176
3.2778,0.6,0.761598219,0.38079911,135,130,1176
3.2978,0.6,0.761598219,0.38079911,136,131,1176
3.3178,0.6,0.761598219,0.761598219,138,133,1176
3.3378,0.6,0.761598219,0.38079911,139,134,1176
3.3578,0.6,0.761598219,0.761598219,140,136,1176
3.3778,0.6,0.38079911,0.761598219,142,137,1176
3.3978,0.6,0.761598219,0.761598219,143,139,1176
3.4178,0.6,0.761598219,0.761598219,144,140,1176
3.4378,0.6,0.761598219,0.761598219,146,141,1176
3.4578,0.6,0.38079911,0.38079911,147,143,1176
3.4777,0.6,0.761598219,0.761598219,148,144,1176
3.4978,0.6,0.761598219,0.38079911,150,145,1176
3.5177,0.6,0.38079911,0.761598219,151,147,1176
3.5377,0.6,0.761598219,0.38079911,152,148,1176
3.5577,0.6,0.761598219,0.761598219,154,149,1176
3.5778,0.6,0.38079911,0.761598219,155,151,1176
3.5977,0.6,0.38079911,0.761598219,156,152,1176
3.6177,0.6,0.761598219,0.38079911,157,153,1176
3.6377,0.6,0.38079911,0.761598219,158,154,1176
3.6578,0.6,0.38079911,0.38079911,159,155,1176
3.6777,0.6,0.38079911,0.38079911,160,156,1176
3.6977,0.6,0.38079911,0.761598219,161,157,1176
3.7177,0.6,0.38079911,0.38079911,162,158,1176
3.7377,0.6,0.761598219,0.38079911,163,159,1176
3.7578,0.6,0.761598219,0.38079911,164,160,1176
3.7778,0.6,0.38079911,0.38079911,165,161,1176
3.7977,0.6,0.38079911,0.38079911,166,162,1176
3.8177,0.6,0.38079911,0.761598219,167,163,1176
3.8378,0.6,0.761598219,0.38079911,168,164,1176
3.8578,0.6,0.38079911,0.38079911,169,165,1176
3.8781,0.6,0.38079911,0.38079911,171,166,1176
3.898,0.6,0.761598219,0.38079911,172,167,1176
3.9178,0.6,0.38079911,0.38079911,173,168,1176
3.9378,0.6,0.38079911,0.38079911,174,169,1176
3.9577,0.6,0.38079911,0.38079911,175,170,1176
3.9777,0.6,0.38079911,0.38079911,176,171,1176
3.9977,0.6,0.38079911,0.38079911,177,171,1176
4.0177,0.6,0.38079911,0.38079911,178,172,1176
4.0377,0.6,0.38079911,0.761598219,179,173,1176
4.0577,0.6,0.38079911,0.38079911,181,174,1176
4.0777,0.6,0.38079911,0.761598219,182,175,1176
4.0977,0.6,0.761598219,0.38079911,183,176,1176
4.1177,0.6,0.761598219,0.761598219,184,178,1176
4.1377,0.6,0.761598219,0.38079911,186,179,1176
4.1577,0.6,0.761598219,0.38079911,187,180,1176
4.1778,0.6,0.761598219,0.38079911,189,181,1176
4.1977,0.6,0.761598219,0.761598219,190,182,1176
4.2177,0.6,0.761598219,0.761598219,192,184,1176
4.2377,0.6,0.761598219,0.38079911,193,185,1176
4.2577,0.6,0.761598219,0.761598219,195,186,1176
4.2777,0.6,0.761598219,0.38079911,196,187,1176
4.2977,0.6,0.761598219,0.38079911,198,188,1176
4.3177,0.6,0.761598219,0.38079911,199,190,1176
4.3377,0.6,0.761598219,0.761598219,200,191,1176
4.3577,0.6,0.38079911,0.38079911,202,192,1176
4.3777,0.6,0.38079911,0.761598219,203,193,1176
4.3977,0.6,0.38079911,0.761598219,204,194,1176
4.4177,0.6,0.761598219,0.761598219,206,195,1176
4.4377,0.6,0.761598219,0.38079911,207,196,1176
4.4577,0.6,0.38079911,0.38079911,208,197,1176
4.4777,0.6,0.761598219,0.38079911,209,198,1176
4.4977,0.6,0.761598219,0.38079911,210,199,1176
4.5177,0.6,0.38079911,0.38079911,211,200,1176
4.5377,0.6,0.38079911,0.38079911,212,200,1176
4.5577,0.6,0.38079911,0,213,201,1176
4.5774,0.6,0.761598219,0,215,202,1176
4.5975,0.6,0.38079911,0,216,202,1176
4.6174,0.6,0.38079911,0.38079911,217,203,1176
4.6377,0.6,0.761598219,0.38079911,218,204,1176
4.6577,0.6,0.761598219,0.38079911,219,205,1176
4.6777,0.6,0.761598219,0.761598219,221,206,1176
4.6977,0.6,0.761598219,0.761598219,222,207,1176
4.7177,0.6,0.761598219,0.38079911,224,208,1176
4.7379,0.6,0.761598219,0.38079911,225,209,1176
4.7577,0.6,0.38079911,0.38079911,227,211,1176
4.7777,0.6,0.755553789,0.754804974,228,212,1176
4.7977,0.6,0.761598219,0.38079911,230,213,1176
4.8177,0.6,0.38079911,0.761598219,231,214,1176
4.8377,0.6,0.38079911,0.38079911,233,215,1176
4.8577,0.6,0.761598219,0.38079911,234,216,1176
4.8777,0.6,0.761321375,0.518470241,235,216,1104
4.9052,0.6,0.761598219,0.38079911,238,218,1104
4.9247,0.6,0.761598219,0.38079911,239,219,1104
4.9447,0.6,0.761598219,0.38079911,241,220,1104
4.9647,0.6,0.761598219,0.761598219,242,221,1104
4.9847,0.6,0.761598219,0.761598219,244,222,1104
5.0047,0.6,0.761598219,0.38079911,245,223,1104
